{
    "cmc_flexion": 0.6219385698219401,
    "cmc_abduction": 0.4392536406336851,
    "mp_flexion": 0.8224453427507684,
    "ip_flexion": 0.8230464623564586,
    "mcp2_flexion": 0.9217378503487014,
    "mcp2_abduction": 0.8810317813177329,
    "pm2_flexion": 0.923720574836674,
    "md2_flexion": 0.9069278240058237,
    "mcp3_flexion": 0.9473580435561287,
    "mcp3_abduction": 0.811276037008637,
    "pm3_flexion": 0.9319447603673846,
    "md3_flexion": 0.9101049992172445,
    "mcp4_flexion": 0.9100919243465585,
    "mcp4_abduction": 0.7018354004253041,
    "pm4_flexion": 0.8552332173481539,
    "md4_flexion": 0.8761989825051123,
    "mcp5_flexion": 0.9731384466515974,
    "mcp5_abduction": 0.9223756153491739,
    "pm5_flexion": 0.9754572540567468,
    "md5_flexion": 0.943011626174772
}