{
    "cmc_flexion": 0.2746336982378736,
    "cmc_abduction": -0.19284373270662597,
    "mp_flexion": 0.20182330380422142,
    "ip_flexion": 0.16648196562816833,
    "mcp2_flexion": 0.6545306953911387,
    "mcp2_abduction": 0.48626172633876363,
    "pm2_flexion": 0.7031524393042272,
    "md2_flexion": 0.6835482186401787,
    "mcp3_flexion": 0.6579113701033297,
    "mcp3_abduction": 0.666545572521595,
    "pm3_flexion": 0.5856268443815985,
    "md3_flexion": 0.5711830018075227,
    "mcp4_flexion": 0.8301370092637649,
    "mcp4_abduction": 0.2768662717350514,
    "pm4_flexion": 0.8584499327237086,
    "md4_flexion": 0.8127125025870955,
    "mcp5_flexion": 0.8683577225322731,
    "mcp5_abduction": 0.7859144191675077,
    "pm5_flexion": 0.8412614000910494,
    "md5_flexion": 0.7804275308841399
}