{
    "cmc_flexion": 0.42015207636693724,
    "cmc_abduction": -0.1820028130415837,
    "mp_flexion": 0.43115322036184206,
    "ip_flexion": 0.6078617701147598,
    "mcp2_flexion": 0.8232904552634138,
    "mcp2_abduction": 0.719237075378438,
    "pm2_flexion": 0.8677989162465471,
    "md2_flexion": 0.8601253853157749,
    "mcp3_flexion": 0.9406574105898371,
    "mcp3_abduction": 0.7393040061603973,
    "pm3_flexion": 0.9285070775632759,
    "md3_flexion": 0.9297756359888311,
    "mcp4_flexion": 0.9692354644427299,
    "mcp4_abduction": 0.48732870465439176,
    "pm4_flexion": 0.9486358624516941,
    "md4_flexion": 0.9298214915483375,
    "mcp5_flexion": 0.9302198979514479,
    "mcp5_abduction": 0.8415588886309703,
    "pm5_flexion": 0.9224962153520483,
    "md5_flexion": 0.8628344977163692
}