{
    "cmc_flexion": 0.5685768700106525,
    "cmc_abduction": 0.5159573191788044,
    "mp_flexion": 0.44213455879394936,
    "ip_flexion": 0.4490849861220929,
    "mcp2_flexion": 0.9015353906465345,
    "mcp2_abduction": 0.8613767136130143,
    "pm2_flexion": 0.8613793664332654,
    "md2_flexion": 0.8282844991810289,
    "mcp3_flexion": 0.9271038974903102,
    "mcp3_abduction": 0.8850321105859541,
    "pm3_flexion": 0.8799385012581592,
    "md3_flexion": 0.8771193892407577,
    "mcp4_flexion": 0.9325435965745809,
    "mcp4_abduction": 0.45804165694435356,
    "pm4_flexion": 0.9450244679643602,
    "md4_flexion": 0.9043694380418112,
    "mcp5_flexion": 0.9275857123954268,
    "mcp5_abduction": 0.8476669393350043,
    "pm5_flexion": 0.950822742074139,
    "md5_flexion": 0.9092149850474712
}